repo,test_patch,problem_statement,FAIL_TO_PASS,PASS_TO_PASS,language
projectlombok/lombok,"diff --git a/test/transform/resource/after-delombok/SuperBuilderNameClashes.java b/test/transform/resource/after-delombok/SuperBuilderNameClashes.java
index 8cef4e1196..37372e419f 100644
--- a/test/transform/resource/after-delombok/SuperBuilderNameClashes.java
+++ b/test/transform/resource/after-delombok/SuperBuilderNameClashes.java
@@ -124,4 +124,50 @@ protected C(final SuperBuilderNameClashes.C.CBuilder<?, ?> b) {
 			return new SuperBuilderNameClashes.C.CBuilderImpl();
 		}
 	}
+	interface B2 {
+		interface B4<X> {
+		}
+	}
+	interface B3<Y> {
+	}
+	public static class ExtendsClauseCollision extends B implements B2.B4<Object>, B3<Object> {
+		@java.lang.SuppressWarnings(""all"")
+		public static abstract class ExtendsClauseCollisionBuilder<C extends SuperBuilderNameClashes.ExtendsClauseCollision, B4 extends SuperBuilderNameClashes.ExtendsClauseCollision.ExtendsClauseCollisionBuilder<C, B4>> extends B.BBuilder<C, B4> {
+			@java.lang.Override
+			@java.lang.SuppressWarnings(""all"")
+			protected abstract B4 self();
+			@java.lang.Override
+			@java.lang.SuppressWarnings(""all"")
+			public abstract C build();
+			@java.lang.Override
+			@java.lang.SuppressWarnings(""all"")
+			public java.lang.String toString() {
+				return ""SuperBuilderNameClashes.ExtendsClauseCollision.ExtendsClauseCollisionBuilder(super="" + super.toString() + "")"";
+			}
+		}
+		@java.lang.SuppressWarnings(""all"")
+		private static final class ExtendsClauseCollisionBuilderImpl extends SuperBuilderNameClashes.ExtendsClauseCollision.ExtendsClauseCollisionBuilder<SuperBuilderNameClashes.ExtendsClauseCollision, SuperBuilderNameClashes.ExtendsClauseCollision.ExtendsClauseCollisionBuilderImpl> {
+			@java.lang.SuppressWarnings(""all"")
+			private ExtendsClauseCollisionBuilderImpl() {
+			}
+			@java.lang.Override
+			@java.lang.SuppressWarnings(""all"")
+			protected SuperBuilderNameClashes.ExtendsClauseCollision.ExtendsClauseCollisionBuilderImpl self() {
+				return this;
+			}
+			@java.lang.Override
+			@java.lang.SuppressWarnings(""all"")
+			public SuperBuilderNameClashes.ExtendsClauseCollision build() {
+				return new SuperBuilderNameClashes.ExtendsClauseCollision(this);
+			}
+		}
+		@java.lang.SuppressWarnings(""all"")
+		protected ExtendsClauseCollision(final SuperBuilderNameClashes.ExtendsClauseCollision.ExtendsClauseCollisionBuilder<?, ?> b) {
+			super(b);
+		}
+		@java.lang.SuppressWarnings(""all"")
+		public static SuperBuilderNameClashes.ExtendsClauseCollision.ExtendsClauseCollisionBuilder<?, ?> builder() {
+			return new SuperBuilderNameClashes.ExtendsClauseCollision.ExtendsClauseCollisionBuilderImpl();
+		}
+	}
 }
diff --git a/test/transform/resource/after-ecj/SuperBuilderNameClashes.java b/test/transform/resource/after-ecj/SuperBuilderNameClashes.java
index 44d3db924a..6d1b82e2f4 100644
--- a/test/transform/resource/after-ecj/SuperBuilderNameClashes.java
+++ b/test/transform/resource/after-ecj/SuperBuilderNameClashes.java
@@ -101,6 +101,41 @@ private CBuilderImpl() {
       return new SuperBuilderNameClashes.C.CBuilderImpl();
     }
   }
+  interface B2 {
+    interface B4<X> {
+    }
+  }
+  interface B3<Y> {
+  }
+  public static @lombok.experimental.SuperBuilder class ExtendsClauseCollision extends B implements B2.B4<Object>, B3<Object> {
+    public static abstract @java.lang.SuppressWarnings(""all"") class ExtendsClauseCollisionBuilder<C extends SuperBuilderNameClashes.ExtendsClauseCollision, B4 extends SuperBuilderNameClashes.ExtendsClauseCollision.ExtendsClauseCollisionBuilder<C, B4>> extends B.BBuilder<C, B4> {
+      public ExtendsClauseCollisionBuilder() {
+        super();
+      }
+      protected abstract @java.lang.Override @java.lang.SuppressWarnings(""all"") B4 self();
+      public abstract @java.lang.Override @java.lang.SuppressWarnings(""all"") C build();
+      public @java.lang.Override @java.lang.SuppressWarnings(""all"") java.lang.String toString() {
+        return ((""SuperBuilderNameClashes.ExtendsClauseCollision.ExtendsClauseCollisionBuilder(super="" + super.toString()) + "")"");
+      }
+    }
+    private static final @java.lang.SuppressWarnings(""all"") class ExtendsClauseCollisionBuilderImpl extends SuperBuilderNameClashes.ExtendsClauseCollision.ExtendsClauseCollisionBuilder<SuperBuilderNameClashes.ExtendsClauseCollision, SuperBuilderNameClashes.ExtendsClauseCollision.ExtendsClauseCollisionBuilderImpl> {
+      private ExtendsClauseCollisionBuilderImpl() {
+        super();
+      }
+      protected @java.lang.Override @java.lang.SuppressWarnings(""all"") SuperBuilderNameClashes.ExtendsClauseCollision.ExtendsClauseCollisionBuilderImpl self() {
+        return this;
+      }
+      public @java.lang.Override @java.lang.SuppressWarnings(""all"") SuperBuilderNameClashes.ExtendsClauseCollision build() {
+        return new SuperBuilderNameClashes.ExtendsClauseCollision(this);
+      }
+    }
+    protected @java.lang.SuppressWarnings(""all"") ExtendsClauseCollision(final SuperBuilderNameClashes.ExtendsClauseCollision.ExtendsClauseCollisionBuilder<?, ?> b) {
+      super(b);
+    }
+    public static @java.lang.SuppressWarnings(""all"") SuperBuilderNameClashes.ExtendsClauseCollision.ExtendsClauseCollisionBuilder<?, ?> builder() {
+      return new SuperBuilderNameClashes.ExtendsClauseCollision.ExtendsClauseCollisionBuilderImpl();
+    }
+  }
   public SuperBuilderNameClashes() {
     super();
   }
diff --git a/test/transform/resource/before/SuperBuilderNameClashes.java b/test/transform/resource/before/SuperBuilderNameClashes.java
index a0b584523f..ec3afbb892 100644
--- a/test/transform/resource/before/SuperBuilderNameClashes.java
+++ b/test/transform/resource/before/SuperBuilderNameClashes.java
@@ -14,4 +14,16 @@ public static class C2 {
 	public static class C {
 		C2 c2;
 	}
+	
+	interface B2 {
+		interface B4<X> {
+		}
+	}
+	
+	interface B3<Y> {
+	}
+	
+	@lombok.experimental.SuperBuilder
+	public static class ExtendsClauseCollision extends B implements B2.B4<Object>, B3<Object> {
+	}
 }
","[BUG] @SuperBuilder compilation issue
**Describe the bug**

I faced strange issue when Lombok failed to compile the code with the error: ""The constructor B(A.ABuilder<capture#1-of ?,capture#2-of ?>) is undefined""

**To Reproduce**

```
@SuperBuilder
class A extends B {}

@SuperBuilder
@Getter
class B {
	private final int a ;
}
```

However if I rename B to B1 then everything works correctly:

```
@SuperBuilder
class A extends B1 {}

@SuperBuilder
@Getter
class B1 {
	private final int a ;
}
```

**Expected behavior**

Lombok should work without compilation errors.

**Version info (please complete the following information):**
 - Lombok version: 1.18.20
 - Platform JDK 18.0.1


",['javac-SuperBuilderNameClashes.java(lombok.transform.TestWithDelombok)'],"['javac-Accessors.java(lombok.transform.TestWithDelombok)', 'javac-AccessorsCascade.java(lombok.transform.TestWithDelombok)', 'javac-AccessorsConfiguration.java(lombok.transform.TestWithDelombok)', 'javac-AccessorsInAnonymousClass.java(lombok.transform.TestWithDelombok)', 'javac-AccessorsMakeFinal.java(lombok.transform.TestWithDelombok)', 'javac-AccessorsMakeFinalLombokConfig.java(lombok.transform.TestWithDelombok)', 'javac-AccessorsNoParamWarning.java(lombok.transform.TestWithDelombok)', 'javac-BuilderAccessWithGetter.java(lombok.transform.TestWithDelombok)', 'javac-BuilderComplex.java(lombok.transform.TestWithDelombok)', 'javac-BuilderConstructorJavadoc.java(lombok.transform.TestWithDelombok)', 'javac-BuilderCustomName.java(lombok.transform.TestWithDelombok)', 'javac-BuilderDefaults.java(lombok.transform.TestWithDelombok)', 'javac-BuilderDefaultsGenerics.java(lombok.transform.TestWithDelombok)', 'javac-BuilderDefaultsTargetTyping.java(lombok.transform.TestWithDelombok)', 'javac-BuilderDefaultsWarnings.java(lombok.transform.TestWithDelombok)', 'javac-BuilderGenericMethod.java(lombok.transform.TestWithDelombok)', 'javac-BuilderInAnonymousClass.java(lombok.transform.TestWithDelombok)', 'javac-BuilderInstanceMethod.java(lombok.transform.TestWithDelombok)', 'javac-BuilderInvalidUse.java(lombok.transform.TestWithDelombok)', 'javac-BuilderJavadoc.java(lombok.transform.TestWithDelombok)', 'javac-BuilderNestedInEnum.java(lombok.transform.TestWithDelombok)', 'javac-BuilderSimple.java(lombok.transform.TestWithDelombok)', 'javac-BuilderSimpleWithSetterPrefix.java(lombok.transform.TestWithDelombok)', 'javac-BuilderSingularAnnotatedTypes.java(lombok.transform.TestWithDelombok)', 'javac-BuilderSingularAnnotatedTypesWithSetterPrefix.java(lombok.transform.TestWithDelombok)', 'javac-BuilderSingularGuavaListsSets.java(lombok.transform.TestWithDelombok)', 'javac-BuilderSingularGuavaMaps.java(lombok.transform.TestWithDelombok)', 'javac-BuilderSingularLists.java(lombok.transform.TestWithDelombok)', 'javac-BuilderSingularMaps.java(lombok.transform.TestWithDelombok)', 'javac-BuilderSingularMapsWithSetterPrefix.java(lombok.transform.TestWithDelombok)', 'javac-BuilderSingularNoAuto.java(lombok.transform.TestWithDelombok)', 'javac-BuilderSingularNoAutoWithSetterPrefix.java(lombok.transform.TestWithDelombok)', 'javac-BuilderSingularNullBehavior1.java(lombok.transform.TestWithDelombok)', 'javac-BuilderSingularNullBehavior2.java(lombok.transform.TestWithDelombok)', 'javac-BuilderSingularRedirectToGuava.java(lombok.transform.TestWithDelombok)', 'javac-BuilderSingularSets.java(lombok.transform.TestWithDelombok)', 'javac-BuilderSingularSetsWithSetterPrefix.java(lombok.transform.TestWithDelombok)', 'javac-BuilderSingularToBuilderWithNull.java(lombok.transform.TestWithDelombok)', 'javac-BuilderSingularToBuilderWithNullWithSetterPrefix.java(lombok.transform.TestWithDelombok)', 'javac-BuilderSingularWildcardListsWithToBuilder.java(lombok.transform.TestWithDelombok)', 'javac-BuilderSingularWithPrefixes.java(lombok.transform.TestWithDelombok)', 'javac-BuilderSingularWithPrefixesWithSetterPrefix.java(lombok.transform.TestWithDelombok)', 'javac-BuilderTypeAnnos.java(lombok.transform.TestWithDelombok)', 'javac-BuilderTypeAnnosWithSetterPrefix.java(lombok.transform.TestWithDelombok)', 'javac-BuilderValueData.java(lombok.transform.TestWithDelombok)', 'javac-BuilderValueDataWithSetterPrefix.java(lombok.transform.TestWithDelombok)', 'javac-BuilderWithAccessors.java(lombok.transform.TestWithDelombok)', 'javac-BuilderWithBadNames.java(lombok.transform.TestWithDelombok)', 'javac-BuilderWithDeprecated.java(lombok.transform.TestWithDelombok)', 'javac-BuilderWithDeprecatedAnnOnly.java(lombok.transform.TestWithDelombok)', 'javac-BuilderWithExistingBuilderClass.java(lombok.transform.TestWithDelombok)', 'javac-BuilderWithExistingBuilderClassWithSetterPrefix.java(lombok.transform.TestWithDelombok)', 'javac-BuilderWithJavaBeansSpecCapitalization.java(lombok.transform.TestWithDelombok)', 'javac-BuilderWithNoBuilderMethod.java(lombok.transform.TestWithDelombok)', 'javac-BuilderWithNonNull.java(lombok.transform.TestWithDelombok)', 'javac-BuilderWithNonNullWithSetterPrefix.java(lombok.transform.TestWithDelombok)', 'javac-BuilderWithRecursiveGenerics.java(lombok.transform.TestWithDelombok)', 'javac-BuilderWithToBuilder.java(lombok.transform.TestWithDelombok)', 'javac-BuilderWithTolerate.java(lombok.transform.TestWithDelombok)', 'javac-CheckerFrameworkBasic.java(lombok.transform.TestWithDelombok)', 'javac-CheckerFrameworkBuilder.java(lombok.transform.TestWithDelombok)', 'javac-CheckerFrameworkSuperBuilder.java(lombok.transform.TestWithDelombok)', 'javac-ClassNamedAfterGetter.java(lombok.transform.TestWithDelombok)', 'javac-CleanupName.java(lombok.transform.TestWithDelombok)', 'javac-CleanupPlain.java(lombok.transform.TestWithDelombok)', 'javac-CommentsInterspersed.java(lombok.transform.TestWithDelombok)', 'javac-ConflictingStaticConstructorNames.java(lombok.transform.TestWithDelombok)', 'javac-ConstructorInner.java(lombok.transform.TestWithDelombok)', 'javac-Constructors.java(lombok.transform.TestWithDelombok)', 'javac-ConstructorsConfiguration.java(lombok.transform.TestWithDelombok)', 'javac-ConstructorsInAnonymousClass.java(lombok.transform.TestWithDelombok)', 'javac-ConstructorsTypeAnnos.java(lombok.transform.TestWithDelombok)', 'javac-ConstructorsWithAccessors.java(lombok.transform.TestWithDelombok)', 'javac-ConstructorsWithBuilderDefaults.java(lombok.transform.TestWithDelombok)', 'javac-ConstructorsWithBuilderDefaults2.java(lombok.transform.TestWithDelombok)', 'javac-ConstructorsWithSuperBuilderDefaults.java(lombok.transform.TestWithDelombok)', 'javac-DataConfiguration.java(lombok.transform.TestWithDelombok)', 'javac-DataExtended.java(lombok.transform.TestWithDelombok)', 'javac-DataIgnore.java(lombok.transform.TestWithDelombok)', 'javac-DataInAnonymousClass.java(lombok.transform.TestWithDelombok)', 'javac-DataOnEnum.java(lombok.transform.TestWithDelombok)', 'javac-DataOnLocalClass.java(lombok.transform.TestWithDelombok)', 'javac-DataPlain.java(lombok.transform.TestWithDelombok)', 'javac-DataWithGetter.java(lombok.transform.TestWithDelombok)', 'javac-DataWithGetterNone.java(lombok.transform.TestWithDelombok)', 'javac-DataWithOverrideEqualsAndHashCode.java(lombok.transform.TestWithDelombok)', 'javac-DelegateAlreadyImplemented.java(lombok.transform.TestWithDelombok)', 'javac-DelegateFlagUsage.java(lombok.transform.TestWithDelombok)', 'javac-DelegateGenerics.java(lombok.transform.TestWithDelombok)', 'javac-DelegateOnGetter.java(lombok.transform.TestWithDelombok)', 'javac-DelegateOnGetterNone.java(lombok.transform.TestWithDelombok)', 'javac-DelegateOnMethods.java(lombok.transform.TestWithDelombok)', 'javac-DelegateOnStatic.java(lombok.transform.TestWithDelombok)', 'javac-DelegateRecursion.java(lombok.transform.TestWithDelombok)', 'javac-DelegateTypesAndExcludes.java(lombok.transform.TestWithDelombok)', 'javac-DelegateWithDeprecated.java(lombok.transform.TestWithDelombok)', 'javac-DelegateWithVarargs.java(lombok.transform.TestWithDelombok)', 'javac-DelegateWithVarargs2.java(lombok.transform.TestWithDelombok)', 'javac-EncodingUsAscii.java(lombok.transform.TestWithDelombok)', 'javac-EncodingUtf8.java(lombok.transform.TestWithDelombok)', 'javac-EqualsAndHashCode.java(lombok.transform.TestWithDelombok)', 'javac-EqualsAndHashCodeAnnotated.java(lombok.transform.TestWithDelombok)', 'javac-EqualsAndHashCodeAutoExclude.java(lombok.transform.TestWithDelombok)', 'javac-EqualsAndHashCodeCache.java(lombok.transform.TestWithDelombok)', 'javac-EqualsAndHashCodeConfigKeys1.java(lombok.transform.TestWithDelombok)', 'javac-EqualsAndHashCodeConfigKeys2.java(lombok.transform.TestWithDelombok)', 'javac-EqualsAndHashCodeEmpty.java(lombok.transform.TestWithDelombok)', 'javac-EqualsAndHashCodeExplicitInclude.java(lombok.transform.TestWithDelombok)', 'javac-EqualsAndHashCodeInAnonymousClass.java(lombok.transform.TestWithDelombok)', 'javac-EqualsAndHashCodeNestedShadow.java(lombok.transform.TestWithDelombok)', 'javac-EqualsAndHashCodeNewStyle.java(lombok.transform.TestWithDelombok)', 'javac-EqualsAndHashCodeOfAndExclude.java(lombok.transform.TestWithDelombok)', 'javac-EqualsAndHashCodeOfAndExcludeWarn.java(lombok.transform.TestWithDelombok)', 'javac-EqualsAndHashCodeRank.java(lombok.transform.TestWithDelombok)', 'javac-EqualsAndHashCodeWithExistingMethods.java(lombok.transform.TestWithDelombok)', 'javac-EqualsAndHashCodeWithGenericsOnInners.java(lombok.transform.TestWithDelombok)', 'javac-EqualsAndHashCodeWithGenericsOnInnersInInterfaces.java(lombok.transform.TestWithDelombok)', 'javac-EqualsAndHashCodeWithNonNullByDefault.java(lombok.transform.TestWithDelombok)', 'javac-EqualsAndHashCodeWithOnParam.java(lombok.transform.TestWithDelombok)', 'javac-EqualsAndHashCodeWithSomeExistingMethods.java(lombok.transform.TestWithDelombok)', 'javac-ExtensionMethodAutoboxing.java(lombok.transform.TestWithDelombok)', 'javac-ExtensionMethodChain.java(lombok.transform.TestWithDelombok)', 'javac-ExtensionMethodFunctional.java(lombok.transform.TestWithDelombok)', 'javac-ExtensionMethodGeneric.java(lombok.transform.TestWithDelombok)', 'javac-ExtensionMethodNames.java(lombok.transform.TestWithDelombok)', 'javac-ExtensionMethodPlain.java(lombok.transform.TestWithDelombok)', 'javac-ExtensionMethodSuppress.java(lombok.transform.TestWithDelombok)', 'javac-ExtensionMethodVarargs.java(lombok.transform.TestWithDelombok)', 'javac-FieldDefaults.java(lombok.transform.TestWithDelombok)', 'javac-FieldDefaultsNoop.java(lombok.transform.TestWithDelombok)', 'javac-FieldDefaultsViaConfig.java(lombok.transform.TestWithDelombok)', 'javac-FieldDefaultsViaConfigAndRequiredArgsConstructor.java(lombok.transform.TestWithDelombok)', 'javac-FieldNameConstantsBasic.java(lombok.transform.TestWithDelombok)', 'javac-FieldNameConstantsConfigKeys.java(lombok.transform.TestWithDelombok)', 'javac-FieldNameConstantsEnum.java(lombok.transform.TestWithDelombok)', 'javac-FieldNameConstantsHandrolled.java(lombok.transform.TestWithDelombok)', 'javac-FieldNameConstantsInAnonymousClass.java(lombok.transform.TestWithDelombok)', 'javac-FieldNameConstantsUppercased.java(lombok.transform.TestWithDelombok)', 'javac-FlagUsages.java(lombok.transform.TestWithDelombok)', 'javac-GenerateSuppressFBWarnings.java(lombok.transform.TestWithDelombok)', 'javac-GeneratedJavaxOff.java(lombok.transform.TestWithDelombok)', 'javac-GeneratedOff.java(lombok.transform.TestWithDelombok)', 'javac-GeneratedOffLombokOn.java(lombok.transform.TestWithDelombok)', 'javac-GetterAccessLevel.java(lombok.transform.TestWithDelombok)', 'javac-GetterAlreadyExists.java(lombok.transform.TestWithDelombok)', 'javac-GetterBoolean.java(lombok.transform.TestWithDelombok)', 'javac-GetterDeprecated.java(lombok.transform.TestWithDelombok)', 'javac-GetterEnum.java(lombok.transform.TestWithDelombok)', 'javac-GetterInAnonymousClass.java(lombok.transform.TestWithDelombok)', 'javac-GetterLazy.java(lombok.transform.TestWithDelombok)', 'javac-GetterLazyArguments.java(lombok.transform.TestWithDelombok)', 'javac-GetterLazyBoolean.java(lombok.transform.TestWithDelombok)', 'javac-GetterLazyEahcToString.java(lombok.transform.TestWithDelombok)', 'javac-GetterLazyGenerics.java(lombok.transform.TestWithDelombok)', 'javac-GetterLazyInAnonymousClass.java(lombok.transform.TestWithDelombok)', 'javac-GetterLazyInvalid.java(lombok.transform.TestWithDelombok)', 'javac-GetterLazyNative.java(lombok.transform.TestWithDelombok)', 'javac-GetterLazyTransient.java(lombok.transform.TestWithDelombok)', 'javac-GetterNone.java(lombok.transform.TestWithDelombok)', 'javac-GetterOnClass.java(lombok.transform.TestWithDelombok)', 'javac-GetterOnMethod.java(lombok.transform.TestWithDelombok)', 'javac-GetterOnMethodErrors2.java(lombok.transform.TestWithDelombok)', 'javac-GetterOnMethodOnType.java(lombok.transform.TestWithDelombok)', 'javac-GetterOnStatic.java(lombok.transform.TestWithDelombok)', 'javac-GetterPlain.java(lombok.transform.TestWithDelombok)', 'javac-GetterSetterJavadoc.java(lombok.transform.TestWithDelombok)', 'javac-GetterTypeAnnos.java(lombok.transform.TestWithDelombok)', 'javac-GetterWithDollar.java(lombok.transform.TestWithDelombok)', 'javac-GetterWithJavaBeansSpecCapitalization.java(lombok.transform.TestWithDelombok)', 'javac-Helper.java(lombok.transform.TestWithDelombok)', 'javac-I2335_BuilderMultipleObtainVia.java(lombok.transform.TestWithDelombok)', 'javac-InjectField.java(lombok.transform.TestWithDelombok)', 'javac-InnerClass.java(lombok.transform.TestWithDelombok)', 'javac-JacksonBuilderSingular.java(lombok.transform.TestWithDelombok)', 'javac-JacksonJsonProperty.java(lombok.transform.TestWithDelombok)', 'javac-JacksonizedBuilderComplex.java(lombok.transform.TestWithDelombok)', 'javac-JacksonizedBuilderSimple.java(lombok.transform.TestWithDelombok)', 'javac-JacksonizedSuperBuilderSimple.java(lombok.transform.TestWithDelombok)', 'javac-JacksonizedSuperBuilderWithJsonDeserialize.java(lombok.transform.TestWithDelombok)', 'javac-JavadocGenerally.java(lombok.transform.TestWithDelombok)', 'javac-JavadocMultiline.java(lombok.transform.TestWithDelombok)', 'javac-LoggerCommons.java(lombok.transform.TestWithDelombok)', 'javac-LoggerConfig.java(lombok.transform.TestWithDelombok)', 'javac-LoggerCustom.java(lombok.transform.TestWithDelombok)', 'javac-LoggerCustomWithPackage.java(lombok.transform.TestWithDelombok)', 'javac-LoggerCustomWithTopicAndName.java(lombok.transform.TestWithDelombok)', 'javac-LoggerFlogger.java(lombok.transform.TestWithDelombok)', 'javac-LoggerJBossLog.java(lombok.transform.TestWithDelombok)', 'javac-LoggerJul.java(lombok.transform.TestWithDelombok)', 'javac-LoggerLog4j.java(lombok.transform.TestWithDelombok)', 'javac-LoggerLog4j2.java(lombok.transform.TestWithDelombok)', 'javac-LoggerSlf4j.java(lombok.transform.TestWithDelombok)', 'javac-LoggerSlf4jAlreadyExists.java(lombok.transform.TestWithDelombok)', 'javac-LoggerSlf4jInAnonymousClass.java(lombok.transform.TestWithDelombok)', 'javac-LoggerSlf4jOnNonType.java(lombok.transform.TestWithDelombok)', 'javac-LoggerSlf4jTypes.java(lombok.transform.TestWithDelombok)', 'javac-LoggerSlf4jWithPackage.java(lombok.transform.TestWithDelombok)', 'javac-LoggerXSlf4j.java(lombok.transform.TestWithDelombok)', 'javac-MultiFieldGetter.java(lombok.transform.TestWithDelombok)', 'javac-NoArgsConstructorForce.java(lombok.transform.TestWithDelombok)', 'javac-NoPrivateNoArgsConstructor.java(lombok.transform.TestWithDelombok)', 'javac-NonNullOnParameter.java(lombok.transform.TestWithDelombok)', 'javac-NonNullOnParameterAbstract.java(lombok.transform.TestWithDelombok)', 'javac-NonNullOnParameterOfDefaultMethod.java(lombok.transform.TestWithDelombok)', 'javac-NonNullPlain.java(lombok.transform.TestWithDelombok)', 'javac-NonNullTypeUse.java(lombok.transform.TestWithDelombok)', 'javac-NonNullWithAlternateException.java(lombok.transform.TestWithDelombok)', 'javac-NonNullWithAssertion.java(lombok.transform.TestWithDelombok)', 'javac-NonNullWithGuava.java(lombok.transform.TestWithDelombok)', 'javac-NonNullWithJdk.java(lombok.transform.TestWithDelombok)', 'javac-NonNullWithSneakyThrows.java(lombok.transform.TestWithDelombok)', 'javac-NullAnnotatedCheckerFrameworkSuperBuilder.java(lombok.transform.TestWithDelombok)', 'javac-NullLibrary1.java(lombok.transform.TestWithDelombok)', 'javac-NullLibrary2.java(lombok.transform.TestWithDelombok)', 'javac-OnXJava8Style.java(lombok.transform.TestWithDelombok)', 'javac-PrivateNoArgsConstructor.java(lombok.transform.TestWithDelombok)', 'javac-SetterAccessLevel.java(lombok.transform.TestWithDelombok)', 'javac-SetterAlreadyExists.java(lombok.transform.TestWithDelombok)', 'javac-SetterAndWithMethodJavadoc.java(lombok.transform.TestWithDelombok)', 'javac-SetterDeprecated.java(lombok.transform.TestWithDelombok)', 'javac-SetterInAnonymousClass.java(lombok.transform.TestWithDelombok)', 'javac-SetterOnClass.java(lombok.transform.TestWithDelombok)', 'javac-SetterOnMethodOnParam.java(lombok.transform.TestWithDelombok)', 'javac-SetterOnStatic.java(lombok.transform.TestWithDelombok)', 'javac-SetterPlain.java(lombok.transform.TestWithDelombok)', 'javac-SetterTypeAnnos.java(lombok.transform.TestWithDelombok)', 'javac-SetterWithDollar.java(lombok.transform.TestWithDelombok)', 'javac-SetterWithJavaBeansSpecCapitalization.java(lombok.transform.TestWithDelombok)', 'javac-SimpleTypeResolution.java(lombok.transform.TestWithDelombok)', 'javac-SkipSuppressWarnings.java(lombok.transform.TestWithDelombok)', 'javac-SneakyThrowsMultiple.java(lombok.transform.TestWithDelombok)', 'javac-SneakyThrowsPlain.java(lombok.transform.TestWithDelombok)', 'javac-SneakyThrowsSingle.java(lombok.transform.TestWithDelombok)', 'javac-StandardExceptions.java(lombok.transform.TestWithDelombok)', 'javac-StaticConstructor.java(lombok.transform.TestWithDelombok)', 'javac-SuperBuilderAbstract.java(lombok.transform.TestWithDelombok)', 'javac-SuperBuilderAbstractToBuilder.java(lombok.transform.TestWithDelombok)', 'javac-SuperBuilderBasic.java(lombok.transform.TestWithDelombok)', 'javac-SuperBuilderBasicToBuilder.java(lombok.transform.TestWithDelombok)', 'javac-SuperBuilderCustomized.java(lombok.transform.TestWithDelombok)', 'javac-SuperBuilderCustomizedWithSetterPrefix.java(lombok.transform.TestWithDelombok)', 'javac-SuperBuilderInAnonymousClass.java(lombok.transform.TestWithDelombok)', 'javac-SuperBuilderInitializer.java(lombok.transform.TestWithDelombok)', 'javac-SuperBuilderNestedGenericTypes.java(lombok.transform.TestWithDelombok)', 'javac-SuperBuilderSingularAnnotatedTypes.java(lombok.transform.TestWithDelombok)', 'javac-SuperBuilderSingularCustomized.java(lombok.transform.TestWithDelombok)', 'javac-SuperBuilderSingularToBuilderGuava.java(lombok.transform.TestWithDelombok)', 'javac-SuperBuilderWithCustomBuilderClassName.java(lombok.transform.TestWithDelombok)', 'javac-SuperBuilderWithCustomBuilderMethod.java(lombok.transform.TestWithDelombok)', 'javac-SuperBuilderWithDefaults.java(lombok.transform.TestWithDelombok)', 'javac-SuperBuilderWithDefaultsAndTargetTyping.java(lombok.transform.TestWithDelombok)', 'javac-SuperBuilderWithExistingConstructor.java(lombok.transform.TestWithDelombok)', 'javac-SuperBuilderWithGenerics.java(lombok.transform.TestWithDelombok)', 'javac-SuperBuilderWithGenerics2.java(lombok.transform.TestWithDelombok)', 'javac-SuperBuilderWithGenerics3.java(lombok.transform.TestWithDelombok)', 'javac-SuperBuilderWithGenericsAndToBuilder.java(lombok.transform.TestWithDelombok)', 'javac-SuperBuilderWithNonNull.java(lombok.transform.TestWithDelombok)', 'javac-SuperBuilderWithPrefixes.java(lombok.transform.TestWithDelombok)', 'javac-SuperBuilderWithSetterPrefix.java(lombok.transform.TestWithDelombok)', 'javac-SynchronizedInAnonymousClass.java(lombok.transform.TestWithDelombok)', 'javac-SynchronizedName.java(lombok.transform.TestWithDelombok)', 'javac-SynchronizedNameNoSuchField.java(lombok.transform.TestWithDelombok)', 'javac-SynchronizedNameStaticToInstanceRef.java(lombok.transform.TestWithDelombok)', 'javac-SynchronizedOnStatic.java(lombok.transform.TestWithDelombok)', 'javac-SynchronizedPlain.java(lombok.transform.TestWithDelombok)', 'javac-TestOperators.java(lombok.transform.TestWithDelombok)', 'javac-ToStringAutoExclude.java(lombok.transform.TestWithDelombok)', 'javac-ToStringAutoSuper.java(lombok.transform.TestWithDelombok)', 'javac-ToStringConfiguration.java(lombok.transform.TestWithDelombok)', 'javac-ToStringEnum.java(lombok.transform.TestWithDelombok)', 'javac-ToStringExplicitInclude.java(lombok.transform.TestWithDelombok)', 'javac-ToStringExplicitIncludeConf.java(lombok.transform.TestWithDelombok)', 'javac-ToStringInAnonymousClass.java(lombok.transform.TestWithDelombok)', 'javac-ToStringInner.java(lombok.transform.TestWithDelombok)', 'javac-ToStringNewStyle.java(lombok.transform.TestWithDelombok)', 'javac-ToStringPlain.java(lombok.transform.TestWithDelombok)', 'javac-ToStringWithConstantRefInOf.java(lombok.transform.TestWithDelombok)', 'javac-Tolerate.java(lombok.transform.TestWithDelombok)', 'javac-TrickyTypeResolution2.java(lombok.transform.TestWithDelombok)', 'javac-TypeUseAnnotations.java(lombok.transform.TestWithDelombok)', 'javac-UtilityClass.java(lombok.transform.TestWithDelombok)', 'javac-UtilityClassErrors.java(lombok.transform.TestWithDelombok)', 'javac-UtilityClassInAnonymousClass.java(lombok.transform.TestWithDelombok)', 'javac-UtilityClassInner.java(lombok.transform.TestWithDelombok)', 'javac-ValToNative.java(lombok.transform.TestWithDelombok)', 'javac-ValueCallSuper.java(lombok.transform.TestWithDelombok)', 'javac-ValueInAnonymousClass.java(lombok.transform.TestWithDelombok)', 'javac-ValuePlain.java(lombok.transform.TestWithDelombok)', 'javac-ValueStaticConstructorOf.java(lombok.transform.TestWithDelombok)', 'javac-ValueStaticField.java(lombok.transform.TestWithDelombok)', 'javac-ValueWithJavaBeansSpecCapitalization.java(lombok.transform.TestWithDelombok)', 'javac-WithAlreadyExists.java(lombok.transform.TestWithDelombok)', 'javac-WithAndAllArgsConstructor.java(lombok.transform.TestWithDelombok)', 'javac-WithByInAnonymousClass.java(lombok.transform.TestWithDelombok)', 'javac-WithByNullAnnos.java(lombok.transform.TestWithDelombok)', 'javac-WithByTypes.java(lombok.transform.TestWithDelombok)', 'javac-WithInAnonymousClass.java(lombok.transform.TestWithDelombok)', 'javac-WithInnerAnnotation.java(lombok.transform.TestWithDelombok)', 'javac-WithMethodAbstract.java(lombok.transform.TestWithDelombok)', 'javac-WithMethodMarkedDeprecated.java(lombok.transform.TestWithDelombok)', 'javac-WithMethodMarkedDeprecatedAnnOnly.java(lombok.transform.TestWithDelombok)', 'javac-WithNested.java(lombok.transform.TestWithDelombok)', 'javac-WithOnClass.java(lombok.transform.TestWithDelombok)', 'javac-WithOnStatic.java(lombok.transform.TestWithDelombok)', 'javac-WithPlain.java(lombok.transform.TestWithDelombok)', 'javac-WithWithDollar.java(lombok.transform.TestWithDelombok)', 'javac-WithWithGenerics.java(lombok.transform.TestWithDelombok)', 'javac-WithWithJavaBeansSpecCapitalization.java(lombok.transform.TestWithDelombok)', 'javac-WithWithTypeAnnos.java(lombok.transform.TestWithDelombok)', 'javac-WitherAccessLevel.java(lombok.transform.TestWithDelombok)', 'javac-WitherLegacyStar.java(lombok.transform.TestWithDelombok)']",Java
